case_id,sequence_length,reference_length,query_length,target_similarity,actual_similarity,anchor_count,anchor_bases,anchor_coverage,gap_count,gap_bases,banded_gap_count,full_dp_gap_count,adaptive_runtime,baseline_runtime,adaptive_memory,baseline_memory,adaptive_score,baseline_score,mutation_count_adaptive,mutation_count_baseline,mutation_correct,boundary_warning_count,clustering_k,band_width,l_min,speedup,adaptive_work_proxy,baseline_work_proxy
adapt_0.99_0_fixed,500,500,499,0.99,0.99,5,492,0.984,5,8,4,1,0.10485410003457218,0.2212789999321103,0.0,0.0,984.0,984,5,5,True,0,3,100,10,2.1103514298358466,812,249500
adapt_0.99_0_adaptive,500,500,499,0.99,0.99,5,492,0.984,5,8,5,0,0.09887900005560368,0.24879430001601577,0.0,0.0,984.0,984,5,5,True,0,3,100,10,2.5161490293804407,1500,249500
adapt_0.99_1_fixed,500,500,501,0.99,0.99,4,405,0.81,4,95,3,1,0.14153719996102154,0.30281380005180836,0.0,0.0,986.0,986,5,5,True,0,3,100,10,2.139464396181367,19000,250500
adapt_0.99_1_adaptive,500,500,501,0.99,0.99,4,405,0.81,4,95,4,0,0.17566440009977669,0.3378051999025047,0.0,0.0,986.0,986,5,5,True,0,3,100,10,1.9230145647645889,19100,250500
adapt_0.99_2_fixed,500,500,500,0.99,0.99,6,495,0.99,5,5,5,0,0.1956763999769464,0.38128359999973327,0.0,0.0,985.0,985,5,5,True,0,3,100,10,1.9485415719251487,1000,250000
adapt_0.99_2_adaptive,500,500,500,0.99,0.99,6,495,0.99,5,5,5,0,0.12382889993023127,0.41126960003748536,0.0,0.0,985.0,985,5,5,True,0,3,100,10,3.3212731460039326,1000,250000
adapt_0.95_0_fixed,500,500,499,0.95,0.95,14,385,0.77,15,115,11,4,0.1294704000465572,0.300581100047566,0.0,0.0,924.0,924,25,25,True,0,3,100,10,2.3216202308749945,14411,249500
adapt_0.95_0_adaptive,500,500,499,0.95,0.95,14,385,0.77,15,115,15,0,0.09576049994211644,0.2677945999894291,0.0,0.0,924.0,924,25,25,True,0,3,100,10,2.7965037792336163,22900,249500
adapt_0.95_1_fixed,500,500,502,0.95,0.95,15,439,0.878,14,61,10,4,0.09886820008978248,0.2643557999981567,0.0,0.0,927.0,927,25,25,True,0,3,100,10,2.6738202956875368,9187,251000
adapt_0.95_1_adaptive,500,500,502,0.95,0.95,15,439,0.878,14,61,14,0,0.09943630010820925,0.3700557000702247,0.0,0.0,927.0,927,25,25,True,0,3,100,10,3.7215352911111954,12400,251000
adapt_0.95_2_fixed,500,500,499,0.95,0.95,16,426,0.852,16,74,14,2,0.09563460003118962,0.26842279999982566,0.0,0.0,924.0,924,25,25,True,0,3,100,10,2.806754039984316,13912,249500
adapt_0.95_2_adaptive,500,500,499,0.95,0.95,16,426,0.852,16,74,16,0,0.09174830000847578,0.336401000036858,0.0,0.0,924.0,924,25,25,True,0,3,100,10,3.666563849202449,14700,249500
adapt_0.9_0_fixed,500,500,504,0.9,0.902,17,324,0.648,18,176,14,4,0.1242674000095576,0.2876581000164151,0.0,0.0,857.0,857,45,46,True,0,3,100,10,2.3148315647892437,34706,252000
adapt_0.9_0_adaptive,500,500,504,0.9,0.902,17,324,0.648,18,176,18,0,0.13084350002463907,0.3401878000004217,0.0,0.0,857.0,857,45,46,True,0,3,100,10,2.5999594931071175,35600,252000
adapt_0.9_1_fixed,500,500,505,0.9,0.902,16,313,0.626,17,187,15,2,0.18568950006738305,0.36216809996403754,0.0,0.0,858.0,858,48,48,True,0,3,100,10,1.9503962250564189,36815,252500
adapt_0.9_1_adaptive,500,500,505,0.9,0.902,16,313,0.626,17,187,17,0,0.14261460001580417,0.3354126000776887,0.0,0.0,858.0,858,48,48,True,0,3,100,10,2.3518812242261253,37900,252500
adapt_0.9_2_fixed,500,500,502,0.9,0.902,16,288,0.576,17,212,14,3,0.15414500003680587,0.30827110004611313,0.0,0.0,855.0,855,48,48,True,0,3,100,10,1.999877387995108,32339,251000
adapt_0.9_2_adaptive,500,500,502,0.9,0.902,16,288,0.576,17,212,17,0,0.14268709998577833,0.35324899991974235,0.0,0.0,855.0,855,48,48,True,0,3,100,10,2.47568981326939,42600,251000
adapt_0.85_0_fixed,500,500,505,0.85,0.85,18,254,0.508,19,246,12,7,0.13545820000581443,0.46239669993519783,0.0,0.0,795.0,795,66,66,True,0,3,100,10,3.413574814336451,40523,252500
adapt_0.85_0_adaptive,500,500,505,0.85,0.85,18,254,0.508,19,246,19,0,0.1385778000112623,0.37839359999634326,0.0,0.0,795.0,795,66,66,True,0,3,100,10,2.7305499146731367,49700,252500
adapt_0.85_1_fixed,500,500,502,0.85,0.85,12,217,0.434,13,283,11,2,0.14167949999682605,0.3408437999896705,0.0,0.0,780.0,780,68,68,True,0,3,100,10,2.405738303687592,46706,251000
adapt_0.85_1_adaptive,500,500,502,0.85,0.85,12,217,0.434,13,283,13,0,0.38421310007106513,0.45317899994552135,0.0,0.0,780.0,780,68,68,True,0,3,100,10,1.1794990849132945,56800,251000
adapt_0.85_2_fixed,500,500,504,0.85,0.85,15,258,0.516,16,242,11,5,0.1555535999359563,6.864701300044544,0.0,0.0,794.0,794,63,63,True,0,3,100,10,44.13077744822905,38655,252000
adapt_0.85_2_adaptive,500,500,504,0.85,0.85,15,258,0.516,16,242,16,0,0.11466329998802394,0.31406999996397644,0.0,0.0,794.0,794,63,63,True,0,3,100,10,2.7390629782744753,48800,252000
adapt_0.8_0_fixed,500,500,506,0.8,0.802,8,121,0.242,9,379,4,5,0.229430100065656,0.43891490006353706,0.0,0.0,715.0,715,89,89,True,0,3,100,10,1.9130658964884415,49246,253000
adapt_0.8_0_adaptive,500,500,506,0.8,0.802,8,121,0.242,9,379,9,0,0.1771007999777794,0.330424900050275,0.0,0.0,715.0,715,89,89,True,0,3,100,10,1.8657448192878463,76400,253000
adapt_0.8_1_fixed,500,500,496,0.8,0.802,8,135,0.27,9,365,6,3,0.16138419997878373,1.730842100107111,0.0,0.0,714.0,714,87,87,True,0,3,100,10,10.724978655498216,56899,248000
adapt_0.8_1_adaptive,500,500,496,0.8,0.802,8,135,0.27,9,365,9,0,0.1139614999992773,0.31326770002488047,0.0,0.0,714.0,714,87,87,True,0,3,100,10,2.7488906343534185,72600,248000
adapt_0.8_2_fixed,500,500,507,0.8,0.802,11,177,0.354,12,323,8,4,0.134563900064677,0.3270104000112042,0.0,0.0,734.0,734,82,82,True,0,3,100,10,2.430149541251624,47027,253500
adapt_0.8_2_adaptive,500,500,507,0.8,0.802,11,177,0.354,12,323,12,0,0.15523149992804974,0.35147360002156347,0.0,0.0,734.0,734,82,82,True,0,3,100,10,2.2641899368650855,65300,253500
